created,text
Thu Oct 12 20:27:43 +0000 2017,"#GladysBerejiklian Donations For Access Rife in #NSWLibs 

https://t.co/Xo5YSOMdU7
#LNPCorruption
@NSWLabor
#Auspol #LNP #SpringSt #NSWpol"
Thu Oct 12 20:10:27 +0000 2017,I don‚Äôt think @NSWLabor got the message on gun control @billshortenmp because they keep preferencing the shooters and fishers.
Thu Oct 12 10:01:23 +0000 2017,@stukhan @NSWLabor But it makes for one hell of a scare campaign
Thu Oct 12 08:58:52 +0000 2017,".@NSWLabor supports keeping Springvale mine open, but new law greatly weakens protection of Sydney's drinking water.
https://t.co/gm5pjYfNmF"
Thu Oct 12 07:52:19 +0000 2017,RT @NSWLabor: What do you think ? https://t.co/KrtL2ErxfG
Thu Oct 12 07:19:22 +0000 2017,We need Labor in Goverment. Federal both houses @QLDLabor @NSWLabor @AustLabor https://t.co/N1QPKA5aRQ
Thu Oct 12 07:16:43 +0000 2017,Join @NSWLabor  @LyndaVoltzMP on Sunday in #Coffs for a discussion on the NSW Assisted Dying Bill #cowper https://t.co/Ea57xBfJaY
Thu Oct 12 06:23:35 +0000 2017,@NSWLabor No. Politicians need a pay cut.
Thu Oct 12 04:32:16 +0000 2017,RT @mackaysuzie: @kailamurnain @NSWLabor @Luke_FoleyNSW Is that what made Bernard Keane attack ?
Thu Oct 12 04:27:35 +0000 2017,@BellingenLabor @NSWNationals The @NSWLabor coal lobby should start taking climate change seriously. Banning nuclea‚Ä¶ https://t.co/owEAmrgKR9
Thu Oct 12 03:05:50 +0000 2017,"@kailamurnain @NSWLabor @Luke_FoleyNSW You‚Äôre going to need more than Patrick, what ever happened to your animal we‚Ä¶ https://t.co/pfUZxvuPBM"
Thu Oct 12 02:48:54 +0000 2017,@kailamurnain @NSWLabor @Luke_FoleyNSW Is that what made Bernard Keane attack ?
Thu Oct 12 00:54:44 +0000 2017,"@PennySharpemlc @NSWLabor If your argument is that it‚Äôs not economic, why do you need to ban it? Why not the the ma‚Ä¶ https://t.co/QEUIj4p2BQ"
Thu Oct 12 00:40:20 +0000 2017,@stukhan @NSWLabor There comes a point where it comes off the table. It is time to take it off the table 2/2
Thu Oct 12 00:39:16 +0000 2017,"@stukhan @NSWLabor No disagreement. Leaving aside waste concerns, when do you acknowledge that it is too expensive‚Ä¶ https://t.co/3aOIdIF8Vq"
Thu Oct 12 00:32:41 +0000 2017,@billshortenmp @NSWLabor Big mistake in preferencing Shooters party you fools. #auspol #nswpol #qldpol
Thu Oct 12 00:28:22 +0000 2017,"@PennySharpemlc @NSWLabor I strongly support renewables too, but it‚Äôs simplistic to present it as an ‚ÄúA or B‚Äù quest‚Ä¶ https://t.co/jJlkxdSDmP"
Thu Oct 12 00:25:09 +0000 2017,"@stukhan @NSWLabor I support renewables as the safest, cheapest and most sustainable alternative energy solution. That is not anti science."
Thu Oct 12 00:15:46 +0000 2017,@paulscullymp @mscole18 @Luke_FoleyNSW @NSWLabor Here in Michigan is illegal to ban plastic bags! Let that sink in.
Wed Oct 11 23:39:34 +0000 2017,Hey @NSWLabor - What's with the preference deal with the Shooters Party? https://t.co/1XLjqHRgXt
Wed Oct 11 22:48:30 +0000 2017,@LiberalNSW @NSWNationals @NSWLabor Centennial could have built a water treatment facility by now at Springvale if‚Ä¶ https://t.co/5Ue9MJLbcj
Wed Oct 11 22:44:51 +0000 2017,RT @NSWLabor: Get your limited edition Rainbow It's Time badge now! üè≥Ô∏è‚Äçüåà https://t.co/QqytEcZMWT
Wed Oct 11 22:27:17 +0000 2017,@LiberalNSW @NSWNationals @NSWLabor relaxed water polluting laws rather than ask a multi billion dollar co. to do the right thing is stupidüò†
Wed Oct 11 21:19:54 +0000 2017,.@NSWLabor does dodgy preference deal with Shooters Party in Murray byelection  https://t.co/t0Xqpg2Ld3
Wed Oct 11 20:58:02 +0000 2017,"And also @philipruddockmp it was great to see you adopting @NSWLabor policy on community consultation. ‚úîÔ∏è
Should ta‚Ä¶ https://t.co/SniyBTofgu"
Wed Oct 11 09:06:46 +0000 2017,@JohnDobbin @LiberalNSW TBF the previous 16 years of @NSWLabor weren't much better.
Wed Oct 11 09:04:31 +0000 2017,"RT @Talaolp: One person in #Sydney owns 305 guns. How many guns are in your suburb?

https://t.co/XJRm0KHuIR
#Firearms 
@NSWLabor
#Auspol #‚Ä¶"
Wed Oct 11 08:40:51 +0000 2017,"One person in #Sydney owns 305 guns. How many guns are in your suburb?

https://t.co/XJRm0KHuIR
#Firearms 
@NSWLabor
#Auspol #LNP #SpringSt"
Wed Oct 11 04:05:35 +0000 2017,"@pwlister @NSWLabor So many issue's and Labor still not cutting through, one would think they are Luke Warm 
Time for change #nswpol"
Wed Oct 11 00:51:35 +0000 2017,Disappointing @lukefoleymp @NSWLabor #nswpol
Wed Oct 11 00:37:30 +0000 2017,"@Luke_FoleyNSW @NSWLabor @AdamSearleMLC @CFMEU @Cass_Coleman Missing point. No need to close mine, take seriously m‚Ä¶ https://t.co/2ZQwPTxHby"
Tue Oct 10 22:53:03 +0000 2017,@NSWLabor how do we get rid of the parasite
Tue Oct 10 19:52:47 +0000 2017,@Talaolp @NSWLabor Doesn't sound like a very good idea for a public school to be promoting religion for some &amp; ensu‚Ä¶ https://t.co/zMsHK0jDmx
Tue Oct 10 19:52:42 +0000 2017,@JamesIClements @LaborValues @NSWLabor Could you recommend a good place Jamie? üòÇ
Tue Oct 10 17:18:43 +0000 2017,"#Willoughby #PublicSchool controversy shuns same-sex marriage and labels abortion murder
https://t.co/q1ns16NvAK
#MarriageEquality @NSWLabor"
Tue Oct 10 12:09:13 +0000 2017,@pwlister @LaborValues @NSWLabor Get a room guys
Tue Oct 10 10:25:56 +0000 2017,@LaborValues @NSWLabor you can always unfollow me George... this is the only Labor Leader that has not stood up to protect jobs... go figure
Tue Oct 10 08:59:43 +0000 2017,@NSWLabor Nope
Tue Oct 10 08:33:57 +0000 2017,"@pwlister @NSWLabor I've no idea how you connect my comment to that. 
You're like a broken record that plays the sa‚Ä¶ https://t.co/MxLe3uY6D0"
Tue Oct 10 08:08:20 +0000 2017,RT @squig_: @greensjeremy @NSWLabor seem really content being in opposition. More time for the family I spose.
Tue Oct 10 08:04:03 +0000 2017,@greensjeremy @NSWLabor seem really content being in opposition. More time for the family I spose.
Tue Oct 10 07:05:22 +0000 2017,RT @AussiemacJ: @greensjeremy @PCKJ3627 @Luke_FoleyNSW @NSWLabor @GladysB Are you surprised ? I‚Äôm not !
Tue Oct 10 07:05:08 +0000 2017,@greensjeremy @PCKJ3627 @Luke_FoleyNSW @NSWLabor @GladysB Are you surprised ? I‚Äôm not !
Tue Oct 10 05:45:59 +0000 2017,And @NSWLabor have already forfeited any opportunity they might have had to take the moral high ground on this one.
Tue Oct 10 04:56:18 +0000 2017,"@LaborValues @NSWLabor you're right, supporting the AER &amp; axing of thousands of electricity jobs after guys worked rings out @ last election"
Tue Oct 10 04:02:19 +0000 2017,"@Luke_FoleyNSW @NSWLabor @AdamSearleMLC @CFMEU @Cass_Coleman Sorry, but there is plenty of coal on-site. Water is l‚Ä¶ https://t.co/br700xAJLb"
Tue Oct 10 02:45:31 +0000 2017,@pwlister @NSWLabor You know there is still 18mths to go? NSW Labor is recovering from a historical wipe out. We've‚Ä¶ https://t.co/PjiDHAY5T6
Tue Oct 10 02:31:43 +0000 2017,"@Luke_FoleyNSW @NSWLabor @AdamSearleMLC @CFMEU @Cass_Coleman Greetings from #Danograd, now with reduced power thx t‚Ä¶ https://t.co/tH4n2E8Akm"
Tue Oct 10 01:28:12 +0000 2017,@greensjeremy @Luke_FoleyNSW @NSWLabor @GladysB They're so 'progressive'.
Mon Oct 09 23:26:14 +0000 2017,"@Luke_FoleyNSW @NSWLabor @AdamSearleMLC @CFMEU @Cass_Coleman We don't trust any of you to do what's best for us. 
A‚Ä¶ https://t.co/M2eu0DGIJA"
Mon Oct 09 22:13:43 +0000 2017,"@greensjeremy @Luke_FoleyNSW @NSWLabor @GladysB Is it $$$$ Luke?
Or is it just pure stupidity 
Maybe both"
Mon Oct 09 22:02:22 +0000 2017,"@Luke_FoleyNSW @NSWLabor @AdamSearleMLC @CFMEU @Cass_Coleman So stop whining and fix it, but leave the coal in the ground"
Mon Oct 09 21:31:38 +0000 2017,"@LaborValues @NSWLabor hmmm OK, if you are campaigning to run second! You are closer to the action..."
Mon Oct 09 21:21:13 +0000 2017,@AlboMP @NSWLabor Jtbo has the intelect of a moth. The stupid inane comments he makes need no intelect at all.  He‚Ä¶ https://t.co/WgQX6zlT4K
Mon Oct 09 21:05:12 +0000 2017,I wish the @LiberalNSW @NSWNationals @NSWLabor would get off the #coal bandwagon and take #climatechange seriously. https://t.co/cPG4VY8wgN
Mon Oct 09 13:13:22 +0000 2017,@AlboMP @NSWLabor Where was tony. Where was ben and ray. Where was youre wife.
Mon Oct 09 12:01:13 +0000 2017,@pwlister @NSWLabor I disagree. And historically they are good results for an opposition this far out of an election.
Mon Oct 09 11:12:19 +0000 2017,@AlboMP @NSWLabor Must be slow night in the massage parlours until the meeting finishes.
Mon Oct 09 10:41:55 +0000 2017,@AlboMP @NSWLabor True gullible muppets more like it!! They all need a hobby.
Mon Oct 09 10:40:19 +0000 2017,@AlboMP @NSWLabor ...and Mid-Mountains! #TrueBelievers
Mon Oct 09 10:16:01 +0000 2017,RT @TheNakedWombat: @krONik @traceywithhope @GladysB With @NSWLabor in 100% support of this action. Both need wiped out come next election.‚Ä¶
Mon Oct 09 10:14:38 +0000 2017,@krONik @traceywithhope @GladysB With @NSWLabor in 100% support of this action. Both need wiped out come next election. Vote for others.
Mon Oct 09 10:11:28 +0000 2017,@SaysBlueVelvet @AlboMP @NSWLabor Albo loves the Obeid's
Mon Oct 09 10:10:45 +0000 2017,@RJKilcullen @AlboMP @NSWLabor Albo loves to do nothing
Mon Oct 09 10:10:11 +0000 2017,@ElectronOtaku @AlboMP @NSWLabor No too keep the wife on the payroll
Mon Oct 09 09:13:10 +0000 2017,@Luke_FoleyNSW @NSWLabor @AdamSearleMLC @CFMEU @Cass_Coleman You also stand with the ALP Mayor from out that way th‚Ä¶ https://t.co/M6HKH9mZ4T
Mon Oct 09 09:09:24 +0000 2017,@Luke_FoleyNSW @NSWLabor @AdamSearleMLC @CFMEU @Cass_Coleman please stand with 100's of residents in Newcastle now‚Ä¶ https://t.co/oTsLCRWZsQ
Mon Oct 09 08:02:13 +0000 2017,@operator_mm @NSWLabor just an observation from a mere rank &amp; file member! üòÇ
Mon Oct 09 07:48:16 +0000 2017,@Luke_FoleyNSW @chriskkenny @NSWLabor @AdamSearleMLC @CFMEU @Cass_Coleman So Luke will you build more coal fired PS‚Ä¶ https://t.co/c27t9oOans
Mon Oct 09 06:58:41 +0000 2017,@Luke_FoleyNSW @chriskkenny @NSWLabor That's what Labor wants to put Coal out of business Not Standing by Alinta Liddell Hazelwood
Mon Oct 09 06:56:15 +0000 2017,@Luke_FoleyNSW @Senator_Assange @NSWLabor @AdamSearleMLC @CFMEU @Cass_Coleman If you can stand up for the citizen o‚Ä¶ https://t.co/bakmaJlrk9
Mon Oct 09 04:15:58 +0000 2017,@micksfoley @Tony_Burke @AusConservation What about @NSWLabor or @SenatorWong or @mildren
Mon Oct 09 04:11:13 +0000 2017,@Luke_FoleyNSW @NSWLabor @AdamSearleMLC @CFMEU @Cass_Coleman As a Lithgow resident we are all concerned but Labor i‚Ä¶ https://t.co/LYftneAz7n
Mon Oct 09 04:00:33 +0000 2017,@pwlister @NSWLabor And you all seemed so happy together at the last State Conference.
Mon Oct 09 02:59:06 +0000 2017,RT @tilly64: @pwlister @nswelectric @NSWLabor Now is a great time for any party to propose a different inclusive vision for nsw. Will media‚Ä¶
Mon Oct 09 02:53:19 +0000 2017,@pwlister @nswelectric @NSWLabor Now is a great time for any party to propose a different inclusive vision for nsw.‚Ä¶ https://t.co/uhVk9tKseT
Mon Oct 09 02:17:48 +0000 2017,@Luke_FoleyNSW @NSWLabor @AdamSearleMLC @CFMEU @Cass_Coleman What is your policy on robots? You won‚Äôt let robots happen as well?
Mon Oct 09 02:07:14 +0000 2017,How much does @NSWLabor receive in kickbacks from the coal industry? Invest in the future and jobs growth. Stop pro‚Ä¶ https://t.co/0Y0VgShqjd
Sun Oct 08 22:52:23 +0000 2017,@pwlister @NSWLabor She won't go without a fight
Sun Oct 08 22:42:00 +0000 2017,@CountryLabor thnx Dave &amp; Ian doing great work at Cowra Pre-Poll helping elect Charlie Sheahan as the next member f‚Ä¶ https://t.co/KZNPHG0s0h
Sun Oct 08 22:04:51 +0000 2017,@jeremycorbyn @AustralianLabor @billshortenmp @alpsa  @LaborTerritory @NSWLabor @VictorianLabor @sallymcmanus‚Ä¶ https://t.co/MJ09ga07I1
Sun Oct 08 10:31:58 +0000 2017,@AlboMP @NSWLabor Truly mentally ill
Sun Oct 08 08:46:51 +0000 2017,"RT @SaysBlueVelvet: @AlboMP @NSWLabor Yeah, so? Where's your outrage at the destruction of Aussie rights, freedoms and liberties, eh? Do yo‚Ä¶"
Sun Oct 08 08:46:47 +0000 2017,RT @RJKilcullen: @AlboMP @NSWLabor There are no true believers any more since Labor won't represent its voters on an issue of major importa‚Ä¶
Sun Oct 08 08:46:36 +0000 2017,@AlboMP @NSWLabor But what are doing to Stop Santos?
Sun Oct 08 07:20:11 +0000 2017,@AlboMP @NSWLabor Why didn't you head to Camperdown Memorial Park yesterday? I expect more from you than essentiall‚Ä¶ https://t.co/mOLeDdVgp3
Sun Oct 08 06:49:21 +0000 2017,@AlboMP @NSWLabor There are no true believers any more since Labor won't represent its voters on an issue of major‚Ä¶ https://t.co/keNEnARt12
Sun Oct 08 06:32:35 +0000 2017,@AlboMP @NSWLabor Tell  them to #STOPADANI
Sun Oct 08 06:31:56 +0000 2017,"@AlboMP @NSWLabor Yeah, so? Where's your outrage at the destruction of Aussie rights, freedoms and liberties, eh? Do you care?"
Sun Oct 08 05:57:57 +0000 2017,"@AlboMP @NSWLabor To denounce adani, i hope?"
Sun Oct 08 04:46:13 +0000 2017,@pleaseuseaussie @billshortenmp @theheraldsun @australian @SkyNewsAust @smh @AlboMP Today's obviously Bowen Far Rig‚Ä¶ https://t.co/TNkEyex01p
Sun Oct 08 04:42:47 +0000 2017,"@pleaseuseaussie @billshortenmp @theheraldsun @australian @SkyNewsAust @smh @AlboMP Testing ""Prospectus"" @NSWLabor‚Ä¶ https://t.co/pVk29Iin6Y"
Sun Oct 08 04:40:00 +0000 2017,"@pleaseuseaussie @billshortenmp @theheraldsun @australian @SkyNewsAust @smh @AlboMP Testing ""Prospectus"" @NSWLabor‚Ä¶ https://t.co/qqDNDcqKR4"
Sun Oct 08 04:35:20 +0000 2017,@pleaseuseaussie @billshortenmp @theheraldsun @australian @SkyNewsAust @smh @AlboMP The @NSWLabor Right however has‚Ä¶ https://t.co/RdXCEhOsPL
Sun Oct 08 04:30:34 +0000 2017,@pleaseuseaussie @billshortenmp @theheraldsun @australian @SkyNewsAust @smh @AlboMP Sub-factions in @NSWLabor Right‚Ä¶ https://t.co/1LLghxiXAU
Sun Oct 08 04:06:22 +0000 2017,@pleaseuseaussie @billshortenmp @theheraldsun @australian @SkyNewsAust @smh Shorten @billshortenmp &amp; @AlboMP know B‚Ä¶ https://t.co/Htxwd666Ls
Sun Oct 08 03:10:33 +0000 2017,"@StanSteam2 No, see @australian quoting #PatricianAttritionist Bowenite Far Right Sub-faction of @NSWLabor Right -‚Ä¶ https://t.co/pVwn0qKgck"
Sun Oct 08 02:47:58 +0000 2017,"@pleaseuseaussie @billshortenmp @theheraldsun @australian @SkyNewsAust @smh No, overt Leadership Gerrymander is mut‚Ä¶ https://t.co/3LjF1509dQ"
Sun Oct 08 01:18:37 +0000 2017,"@PrimaBaci @tanya_plibersek No, @NSWLabor Right turned on Eric Roozendaal bc they're #PatricianAttritionist. Danby‚Ä¶ https://t.co/KcLfUypZe7"
Sun Oct 08 00:59:13 +0000 2017,"RT @Cat_Santleben: @StevensAsh No, all that @NSWLabor Right has these days @billshortenmp is Gerrymander ""game,"" not Leadership ""game."" @Bo‚Ä¶"
Sun Oct 08 00:52:18 +0000 2017,"@StevensAsh No, all that @NSWLabor Right has these days @billshortenmp is Gerrymander ""game,"" not Leadership ""game.‚Ä¶ https://t.co/Xa73nO2mMW"
Fri Oct 06 09:05:05 +0000 2017,@JosephScales @AlboMP @AMEquality @AustralianLabor @RainbowLaborNSW @NSWLabor Cute pupüòç
Fri Oct 06 08:04:25 +0000 2017,They‚Äôre STILL costing the NSW taxpayer a fortune. Thanks again @NSWLabor https://t.co/g8dV3V13OM
Fri Oct 06 03:45:12 +0000 2017,"I just love that this keeps going and going and going and going‚Ä¶

@NSWLabor must love it too üòúüòÇ https://t.co/FbEu3dyvNb"
Fri Oct 06 03:21:51 +0000 2017,"Cool. Toilets are in this season! 
#voteyes
#marriageequaility 
@NSWLabor you see this? Amazing!!! https://t.co/YwlQWdcSte"
Thu Oct 05 20:56:09 +0000 2017,Congrats to all AIM award winners at last nights 2017 Australian Leadership Excellence Awards‚Äô representing‚Ä¶ https://t.co/bmGKcikCoY
Thu Oct 05 11:20:20 +0000 2017,@con1094 @NSWLabor Why. Nationals are the enemy. Shooters and fishers are just annoying
Thu Oct 05 10:47:23 +0000 2017,Wow. @NSWLabor should be ashamed of themselves. #auspol #nswpol #springst https://t.co/LF6Fy8NPhm
Thu Oct 05 09:01:16 +0000 2017,@Luke_FoleyNSW @PCKJ3627 @NSWLabor Liberals &amp; labor focus on Sydney only not the rest of NSW
Thu Oct 05 03:25:40 +0000 2017,@Luke_FoleyNSW @hugh_mcdermott @NSWLabor Hey Luke.  My invitation is still open.
Thu Oct 05 02:52:09 +0000 2017,@Luke_FoleyNSW @NSWLabor The ALP neglects greyhounds
Thu Oct 05 01:44:07 +0000 2017,"@qwertyLGBT @TonyHWindsor @SenatorWong @NSWLabor @MehreenFaruqi Fred Nile has balance of power NSW Upper House, his‚Ä¶ https://t.co/bKDtQcxYin"
Thu Oct 05 01:42:02 +0000 2017,RT @qwertyLGBT: @TonyHWindsor Agree w @SenatorWong but her colleagues in @NSWLabor will never deliver it. @MehreenFaruqi doing all the heav‚Ä¶
Wed Oct 04 22:55:22 +0000 2017,Candidate for #Murray Helen Dalton says no preference deal between @sffAustralia and @NSWLabor #nswpol
Wed Oct 04 16:19:04 +0000 2017,@TonyHWindsor Agree w @SenatorWong but her colleagues in @NSWLabor will never deliver it. @MehreenFaruqi doing all the heavy lifting #auspol
Wed Oct 04 11:22:18 +0000 2017,"@NSWLabor new, greenfield subdivisions less than 100 lots get copper in the ground. Unbelievable"
Wed Oct 04 07:37:44 +0000 2017,Now @NSWLabor have done their dirty deal with @LiberalNSW to control @iwcouncil they're using the twitter account f‚Ä¶ https://t.co/twCEHBfivF
Wed Oct 04 07:18:44 +0000 2017,#InnerWest Mayor Darcy of @NSWLabor makes Facebook page look like everybody supports him by banning comments from known opponents. #nswpol
Wed Oct 04 05:48:50 +0000 2017,@soli_aus ALP voters essential reading&amp;consider being  scammed @AustralianLabor @LaborTerritory @alpsa @NSWLabor‚Ä¶ https://t.co/N3x314x2mQ
Wed Oct 04 02:23:07 +0000 2017,This is starting to remind me of all the Labor rats fleeing the sinking @NSWLabor ship in 2011. https://t.co/mhd1pNRXVa
Tue Oct 03 22:26:14 +0000 2017,RT @judyfree10: @Cat_Santleben @JustinRaethel @elliemail @AnnastaciaMP @QLDLabor @NSWLabor Applies to any minority government .. Political‚Ä¶
Tue Oct 03 22:11:41 +0000 2017,@Cat_Santleben @JustinRaethel @elliemail @AnnastaciaMP @QLDLabor @NSWLabor Applies to any minority government .. Po‚Ä¶ https://t.co/AeyYhMwQYw
Tue Oct 03 20:51:42 +0000 2017,just the start of a long list of betrayal by Mayor Byrne &amp; @NSWLabor in @iwcouncil ALP/LNP coalition https://t.co/Ta6sqkCzoO #nswpol
Tue Oct 03 20:26:26 +0000 2017,@NSWLabor Let's start with a 'no clue' test for any person wanting to nominate for the senate.
Tue Oct 03 20:14:03 +0000 2017,#innerwest @iwcouncil Darcy Byrne &amp; @NSWLabor voted with Passas @LiberalNSW to deny funding to local groups fighting #westconnex #nswpol
Tue Oct 03 12:56:23 +0000 2017,RT @ianhunt43: @NSWLabor Pauline does not want the under 20's  voting because they are brilliant &amp; she is a dumb dumb.
Tue Oct 03 12:55:49 +0000 2017,@NSWLabor What about banning no clue redheads üòñ
Tue Oct 03 12:04:24 +0000 2017,@peter124u @AMEquality @NSWLabor There'll be plenty of others to choose from.
Tue Oct 03 12:03:55 +0000 2017,RT @peter124u: @TedMulder1 @AMEquality Fortunately @NSWLabor have too a high a standard - and would never pick Mrs Bowman - a proven fibber‚Ä¶
Tue Oct 03 12:00:51 +0000 2017,@TedMulder1 @AMEquality Fortunately @NSWLabor have too a high a standard - and would never pick Mrs Bowman - a prov‚Ä¶ https://t.co/PdcXmM3IiM
Tue Oct 03 07:59:46 +0000 2017,@elliemail @QLDLabor @billshortenmp @AnnastaciaMP The @NSWLabor Right Bowen Gerrymander KNEW Rudd would NEVER win‚Ä¶ https://t.co/NtwPmwxRPn
Tue Oct 03 07:11:49 +0000 2017,@9NewsQueensland No @AnnastaciaMP will prefer defeat to exposing @NSWLabor Right Bowen Gerrymander to wipe Fed &amp;‚Ä¶ https://t.co/rbYdfQfNT7
Tue Oct 03 06:13:33 +0000 2017,@market_forces @medibank Hope that clarifies @AnnastaciaMP. :) @QLDLabor @NSWLabor #Auspol
Tue Oct 03 06:00:25 +0000 2017,"@market_forces @medibank Fed &amp; @QLDLabor @AnnastaciaMP continue to be embroiled in @NSWLabor Right ""Admin Duress"" o‚Ä¶ https://t.co/17dTJOKWbT"
Tue Oct 03 04:37:58 +0000 2017,Time to renew my Labor membership for an other year @NSWLabor ‚ù§Ô∏èmy party.
Tue Oct 03 01:35:27 +0000 2017,"@NSWLabor Yeah, but with @QLDLabor supporting Adani, she is spot on in QLD"
Tue Oct 03 01:21:29 +0000 2017,@NSWLabor Pauline does not want the under 20's  voting because they are brilliant &amp; she is a dumb dumb.
Tue Oct 03 01:15:11 +0000 2017,@NSWLabor I want to ban the deluded maggot parasite
Tue Oct 03 01:02:11 +0000 2017,@NSWNationals @LiberalAus say they had good reasons to oppose @NSWLabor say they did not and householders are now p‚Ä¶ https://t.co/qqgwtdHKwV
Tue Oct 03 00:35:07 +0000 2017,@NSWLabor AIR INDIA ERSTWHILE INDIAN AIRLINES CASUALS DISCRIMINATED BY TAKING BACK RETIRE EMPLOYEES AFTER 58 AFTER‚Ä¶ https://t.co/awIayPSFic
Tue Oct 03 00:29:03 +0000 2017,@NSWLabor Why do we even care what this woman says. Stop giving her oxygen
Tue Oct 03 00:06:55 +0000 2017,@NSWLabor Opening a Pandora‚Äôs box if we are talking about ‚Äòno clue‚Äô voters!
Mon Oct 02 23:44:07 +0000 2017,@NSWLabor Just a media tart totally irrelevant
created,text
Mon Oct 16 06:51:39 +0000 2017,"@cpyne @MichaelDanbyMP The @NSWLabor ""infection"" as you put it @cpyne is the Bowen Gerrymander of which Carr is but‚Ä¶ https://t.co/3NI3f6JaTt"
Mon Oct 16 06:39:48 +0000 2017,RT @speake53: Here is @NSWLabor first policy announcement in the lead up to the next state election. It's there for them to lose. #grabbing‚Ä¶
Mon Oct 16 06:36:23 +0000 2017,Here is @NSWLabor first policy announcement in the lead up to the next state election. It's there for them to lose.‚Ä¶ https://t.co/qN001B2INw
Mon Oct 16 03:56:48 +0000 2017,@BellingenLabor @NSWNationals @NSWLabor Coal is much dirtier and much more dangerous (i accept that its cheap if yo‚Ä¶ https://t.co/0IKEuJ6Xk6
Mon Oct 16 03:55:27 +0000 2017,RT @MortyAU: @kailamurnain @NSWLabor Boss lady of Labor NSW hey? Why no action on Mayor threatening victims of child sex abuse unless they‚Ä¶
Mon Oct 16 03:54:26 +0000 2017,@kailamurnain @NSWLabor Boss lady of Labor NSW hey? Why no action on Mayor threatening victims of child sex abuse u‚Ä¶ https://t.co/MKCyRkHp9H
Mon Oct 16 03:51:08 +0000 2017,"@stukhan @NSWNationals @NSWLabor Nukes are dirty, dangerous and expensive."
Mon Oct 16 01:29:26 +0000 2017,Well done @NSWLabor - do a deal with Shooters aka the gun lobby and still no win. Waiting to hear why u preferenced them. #nswpol
Mon Oct 16 01:21:03 +0000 2017,@kailamurnain @NSWLabor @Luke_FoleyNSW He is a ‚≠ê
Sun Oct 15 23:11:25 +0000 2017,@NSWLabor yes it is time for the evil lying incompetent greedy berejiklian to go and the other thieves
Sun Oct 15 22:56:36 +0000 2017,It would be a great disappointment for @NSWLabor and NSW if a talentless plodder like @Luke_FoleyNSW ever became Premier. New bloody please.
Sun Oct 15 18:34:41 +0000 2017,@GawainWoolfrey @david4wyong @NSWLabor @CountryLabor Ask @NSWLabor and @david4wyong to deny it.
Sun Oct 15 13:14:24 +0000 2017,"@P_B_Wee @david4wyong @NSWLabor @CountryLabor Did they really? The shooters, fishers &amp; farmers party?"
Sun Oct 15 12:21:31 +0000 2017,Is NSW Labor still a wholly owned subsidiary of the Catholic Church?@NSWLabor #nswpol @smh #VAD #AssistedDying https://t.co/WKendkiE5C
Sun Oct 15 12:15:33 +0000 2017,"@david4wyong @NSWLabor @CountryLabor I don't want to be mean, but do the Nationals even remember when they first sold farmers out?"
Sun Oct 15 08:26:27 +0000 2017,RT @GuyZangariMP: Great to be with my Labor colleagues at Clubs &amp; Community Awards @nswlabor @TaniaMihailukMP @Luke_FoleyNSW @SophieCotsis‚Ä¶
Sun Oct 15 08:23:22 +0000 2017,Great to be with my Labor colleagues at Clubs &amp; Community Awards @nswlabor @TaniaMihailukMP @Luke_FoleyNSW‚Ä¶ https://t.co/q2Wob9sKbV
Sun Oct 15 08:13:10 +0000 2017,@WesFangNats @sffAustralia @NSWNationals @NSWLabor And a vote for the Notional‚Äôs means farmers are defenceless https://t.co/xsEIuWK23c
Sun Oct 15 08:11:58 +0000 2017,Unfortunately we are stuck with @GladysB until @NSWLabor puts foward a credible leader. It‚Äôs time for @Luke_FoleyNSW to go.
Sun Oct 15 08:10:24 +0000 2017,There is a mood for change @Luke_FoleyNSW we can‚Äôt wait until @NSWLabor changes leaders.
Sun Oct 15 07:53:49 +0000 2017,"@Luke_FoleyNSW @NSWLabor He wasn't real good as mayor!
An appeaser to the vandals &amp; criminals!
That will continue a‚Ä¶ https://t.co/uLz3xJlA9C"
Sun Oct 15 07:47:22 +0000 2017,RT @jarro56: @david4wyong @myfibonacci @NSWLabor @CountryLabor When @NationalParty abet taxpayer funded water theft from upstream MurrayDar‚Ä¶
Sun Oct 15 07:32:12 +0000 2017,@david4wyong @myfibonacci @NSWLabor @CountryLabor When @NationalParty abet taxpayer funded water theft from upstrea‚Ä¶ https://t.co/vIhb2yh3Gv
Sun Oct 15 07:28:44 +0000 2017,RT @david4wyong: @faully33 @NSWLabor @CountryLabor Yes 20% swing. Nothing to see here. Heads still in the sand.
Sun Oct 15 04:43:45 +0000 2017,@faully33 @NSWLabor @CountryLabor Yes 20% swing. Nothing to see here. Heads still in the sand.
Sun Oct 15 02:28:43 +0000 2017,"RT @P_B_Wee: @david4wyong @NSWLabor @CountryLabor Yeah, but @NSWLabor‚Äôs tactic of preferencing the Gunslinging Elephant Eaters Party higher‚Ä¶"
Sun Oct 15 01:07:28 +0000 2017,@Talaolp @NSWLabor Tell you any thing ü§î :)))
Sun Oct 15 00:04:17 +0000 2017,@Luke_FoleyNSW @NSWLabor That will be the best way to show your dislike to this toll it's unfair when a labour gove‚Ä¶ https://t.co/xWFh68Z57z
Sat Oct 14 23:52:33 +0000 2017,"@sffAustralia @NSWNationals Confident? I‚Äôve said there‚Äôs much work to do.  You‚Äôre 3rd - to Labor. Always said, a vo‚Ä¶ https://t.co/xHa8NO9ifa"
Sat Oct 14 22:58:31 +0000 2017,"@david4wyong @NSWLabor @CountryLabor Gladys better be worried...wait for we the ""...we are listening... will do bet‚Ä¶ https://t.co/2h0VEZlRRu"
Sat Oct 14 20:28:29 +0000 2017,"@david4wyong @NSWLabor @CountryLabor Yeah, but @NSWLabor‚Äôs tactic of preferencing the Gunslinging Elephant Eaters P‚Ä¶ https://t.co/GgOPMzwhB1"
Sat Oct 14 19:08:44 +0000 2017,"@david4wyong @NSWLabor @CountryLabor Nats clear winners in Cootamundra which used to be the home of the Sheanans,legends of Rural Labor"
Sat Oct 14 18:11:03 +0000 2017,"@tanya_plibersek @NSWLabor Shooters haven't forgotten li'l ""Jackboot"" Johnny &amp; Labior losers who agreed with him."
Sat Oct 14 15:04:54 +0000 2017,"@ByronStol @NRL This involves your players. Can't you lobby govt Please?

https://t.co/jVtp8yTKXF  #Auspol @NSWLabor"
Sat Oct 14 13:56:33 +0000 2017,RT @Carltontowin: @david4wyong @BridgetOFlynn @NSWLabor @CountryLabor Who won it
Sat Oct 14 13:56:27 +0000 2017,@david4wyong @BridgetOFlynn @NSWLabor @CountryLabor Who won it
Sat Oct 14 13:26:22 +0000 2017,RT @StuartHickson_: Darcy Byrne @NSWLabor mayor of @iwcouncil has already started the purge of anybody on Twitter or Facebook who shows his‚Ä¶
Sat Oct 14 12:41:37 +0000 2017,@GregWarren_ @CountryLabor @NSWLabor @markrlennon @MickVeitchMLC @dmookheyMLC @AustralianLabor Good to see labor not doing well !
Sat Oct 14 12:25:48 +0000 2017,@david4wyong @CountryLabor @brycewilson75 @NSWLabor Great work from us is the UK https://t.co/JFfXuMnXXS
Sat Oct 14 10:42:51 +0000 2017,@kailamurnain @pauldutton1968 @NSWLabor Swing against who?
Sat Oct 14 10:41:04 +0000 2017,"#CootamundraByElection : 69% votes counted - @StephCookeNats on 16,347 - @sffAustralia on 8,767 - @NSWLabor on 8,865 votes. @PRIME7NewsCW"
Sat Oct 14 10:17:30 +0000 2017,@AustralisTerry @NSWLabor @AustralianLabor I understand the why but that still might make some feel dirty.
Sat Oct 14 10:17:03 +0000 2017,"@rationalbitch @NSWLabor @AustralianLabor Sorry, that last reply was meant for someone else."
Sat Oct 14 10:07:27 +0000 2017,@sandylanceley @NSWLabor @AustralianLabor Borak screwed over the greyhound inquiry before the one just past.and he is a monster
Sat Oct 14 10:02:46 +0000 2017,"@rationalbitch @NSWLabor @AustralianLabor I understand the why, but that still may make some feel dirty."
Sat Oct 14 10:01:50 +0000 2017,@sandylanceley @NSWLabor @AustralianLabor Strategy
Sat Oct 14 09:51:35 +0000 2017,@rationalbitch @NSWLabor @AustralianLabor Hard for them to talk genuinely about the issue after this.
Sat Oct 14 09:46:43 +0000 2017,@sandylanceley @NSWLabor @AustralianLabor screwed in the head and wondering why
